Workbook

Sheet Tabelle1
B1: Rentenbarwertfaktor
A2: Jahre | B2: 0.01 | C2: 0.02 | D2: 0.03 | E2: 0.04 | F2: 0.05 | G2: 0.06 | H2: 0.07 | I2: 0.08 | J2: 0.09 | K2: 0.1 | L2: 0.11 | M2: 0.12
A3: 1 | B3: =IF($B$1=Tabelle2!$A$1,(1+Tabelle1!B$2)^Tabelle1!$A3,IF($B$1=Tabelle2!$A$2,(1+Tabelle1!B$2)^(-Tabelle1!$A3),IF($B$1=Tabelle2!$A$3,((1+Tabelle1!B$2)^Tabelle1!$A3-1)/(Tabelle1!B$2*(1+Tabelle1!B$2)^Tabelle1!$A3),IF($B$1=Tabelle2!$A$4,(Tabelle1!B$2*(1+Tabelle1!B$2)^Tabelle1!$A3)/((1+Tabelle1!B$2)^Tabelle1!$A3-1))))) -> 0.99009901 | C3: =IF($B$1=Tabelle2!$A$1,(1+Tabelle1!C$2)^Tabelle1!$A3,IF($B$1=Tabelle2!$A$2,(1+Tabelle1!C$2)^(-Tabelle1!$A3),IF($B$1=Tabelle2!$A$3,((1+Tabelle1!C$2)^Tabelle1!$A3-1)/(Tabelle1!C$2*(1+Tabelle1!C$2)^Tabelle1!$A3),IF($B$1=Tabelle2!$A$4,(Tabelle1!C$2*(1+Tabelle1!C$2)^Tabelle1!$A3)/((1+Tabelle1!C$2)^Tabelle1!$A3-1))))) -> 0.98039216 | D3: =IF($B$1=Tabelle2!$A$1,(1+Tabelle1!D$2)^Tabelle1!$A3,IF($B$1=Tabelle2!$A$2,(1+Tabelle1!D$2)^(-Tabelle1!$A3),IF($B$1=Tabelle2!$A$3,((1+Tabelle1!D$2)^Tabelle1!$A3-1)/(Tabelle1!D$2*(1+Tabelle1!D$2)^Tabelle1!$A3),IF($B$1=Tabelle2!$A$4,(Tabelle1!D$2*(1+Tabelle1!D$2)^Tabelle1!$A3)/((1+Tabelle1!D$2)^Tabelle1!$A3-1))))) -> 0.97087379 | E3: =IF($B$1=Tabelle2!$A$1,(1+Tabelle1!E$2)^Tabelle1!$A3,IF($B$1=Tabelle2!$A$2,(1+Tabelle1!E$2)^(-Tabelle1!$A3),IF($B$1=Tabelle2!$A$3,((1+Tabelle1!E$2)^Tabelle1!$A3-1)/(Tabelle1!E$2*(1+Tabelle1!E$2)^Tabelle1!$A3),IF($B$1=Tabelle2!$A$4,(Tabelle1!E$2*(1+Tabelle1!E$2)^Tabelle1!$A3)/((1+Tabelle1!E$2)^Tabelle1!$A3-1))))) -> 0.96153846 | F3: =IF($B$1=Tabelle2!$A$1,(1+Tabelle1!F$2)^Tabelle1!$A3,IF($B$1=Tabelle2!$A$2,(1+Tabelle1!F$2)^(-Tabelle1!$A3),IF($B$1=Tabelle2!$A$3,((1+Tabelle1!F$2)^Tabelle1!$A3-1)/(Tabelle1!F$2*(1+Tabelle1!F$2)^Tabelle1!$A3),IF($B$1=Tabelle2!$A$4,(Tabelle1!F$2*(1+Tabelle1!F$2)^Tabelle1!$A3)/((1+Tabelle1!F$2)^Tabelle1!$A3-1))))) -> 0.95238095 | G3: =IF($B$1=Tabelle2!$A$1,(1+Tabelle1!G$2)^Tabelle1!$A3,IF($B$1=Tabelle2!$A$2,(1+Tabelle1!G$2)^(-Tabelle1!$A3),IF($B$1=Tabelle2!$A$3,((1+Tabelle1!G$2)^Tabelle1!$A3-1)/(Tabelle1!G$2*(1+Tabelle1!G$2)^Tabelle1!$A3),IF($B$1=Tabelle2!$A$4,(Tabelle1!G$2*(1+Tabelle1!G$2)^Tabelle1!$A3)/((1+Tabelle1!G$2)^Tabelle1!$A3-1))))) -> 0.94339623 | H3: =IF($B$1=Tabelle2!$A$1,(1+Tabelle1!H$2)^Tabelle1!$A3,IF($B$1=Tabelle2!$A$2,(1+Tabelle1!H$2)^(-Tabelle1!$A3),IF($B$1=Tabelle2!$A$3,((1+Tabelle1!H$2)^Tabelle1!$A3-1)/(Tabelle1!H$2*(1+Tabelle1!H$2)^Tabelle1!$A3),IF($B$1=Tabelle2!$A$4,(Tabelle1!H$2*(1+Tabelle1!H$2)^Tabelle1!$A3)/((1+Tabelle1!H$2)^Tabelle1!$A3-1))))) -> 0.93457944 | I3: =IF($B$1=Tabelle2!$A$1,(1+Tabelle1!I$2)^Tabelle1!$A3,IF($B$1=Tabelle2!$A$2,(1+Tabelle1!I$2)^(-Tabelle1!$A3),IF($B$1=Tabelle2!$A$3,((1+Tabelle1!I$2)^Tabelle1!$A3-1)/(Tabelle1!I$2*(1+Tabelle1!I$2)^Tabelle1!$A3),IF($B$1=Tabelle2!$A$4,(Tabelle1!I$2*(1+Tabelle1!I$2)^Tabelle1!$A3)/((1+Tabelle1!I$2)^Tabelle1!$A3-1))))) -> 0.92592593 | ... M3: =IF($B$1=Tabelle2!$A$1,(1+Tabelle1!M$2)^Tabelle1!$A3,IF($B$1=Tabelle2!$A$2,(1+Tabelle1!M$2)^(-Tabelle1!$A3),IF($B$1=Tabelle2!$A$3,((1+Tabelle1!M$2)^Tabelle1!$A3-1)/(Tabelle1!M$2*(1+Tabelle1!M$2)^Tabelle1!$A3),IF($B$1=Tabelle2!$A$4,(Tabelle1!M$2*(1+Tabelle1!M$2)^Tabelle1!$A3)/((1+Tabelle1!M$2)^Tabelle1!$A3-1))))) -> 0.89285714
A4: 2 | B4: =IF($B$1=Tabelle2!$A$1,(1+Tabelle1!B$2)^Tabelle1!$A4,IF($B$1=Tabelle2!$A$2,(1+Tabelle1!B$2)^(-Tabelle1!$A4),IF($B$1=Tabelle2!$A$3,((1+Tabelle1!B$2)^Tabelle1!$A4-1)/(Tabelle1!B$2*(1+Tabelle1!B$2)^Tabelle1!$A4),IF($B$1=Tabelle2!$A$4,(Tabelle1!B$2*(1+Tabelle1!B$2)^Tabelle1!$A4)/((1+Tabelle1!B$2)^Tabelle1!$A4-1))))) -> 1.9703951 | C4: =IF($B$1=Tabelle2!$A$1,(1+Tabelle1!C$2)^Tabelle1!$A4,IF($B$1=Tabelle2!$A$2,(1+Tabelle1!C$2)^(-Tabelle1!$A4),IF($B$1=Tabelle2!$A$3,((1+Tabelle1!C$2)^Tabelle1!$A4-1)/(Tabelle1!C$2*(1+Tabelle1!C$2)^Tabelle1!$A4),IF($B$1=Tabelle2!$A$4,(Tabelle1!C$2*(1+Tabelle1!C$2)^Tabelle1!$A4)/((1+Tabelle1!C$2)^Tabelle1!$A4-1))))) -> 1.9415609 | D4: =IF($B$1=Tabelle2!$A$1,(1+Tabelle1!D$2)^Tabelle1!$A4,IF($B$1=Tabelle2!$A$2,(1+Tabelle1!D$2)^(-Tabelle1!$A4),IF($B$1=Tabelle2!$A$3,((1+Tabelle1!D$2)^Tabelle1!$A4-1)/(Tabelle1!D$2*(1+Tabelle1!D$2)^Tabelle1!$A4),IF($B$1=Tabelle2!$A$4,(Tabelle1!D$2*(1+Tabelle1!D$2)^Tabelle1!$A4)/((1+Tabelle1!D$2)^Tabelle1!$A4-1))))) -> 1.9134697 | E4: =IF($B$1=Tabelle2!$A$1,(1+Tabelle1!E$2)^Tabelle1!$A4,IF($B$1=Tabelle2!$A$2,(1+Tabelle1!E$2)^(-Tabelle1!$A4),IF($B$1=Tabelle2!$A$3,((1+Tabelle1!E$2)^Tabelle1!$A4-1)/(Tabelle1!E$2*(1+Tabelle1!E$2)^Tabelle1!$A4),IF($B$1=Tabelle2!$A$4,(Tabelle1!E$2*(1+Tabelle1!E$2)^Tabelle1!$A4)/((1+Tabelle1!E$2)^Tabelle1!$A4-1))))) -> 1.8860947 | F4: =IF($B$1=Tabelle2!$A$1,(1+Tabelle1!F$2)^Tabelle1!$A4,IF($B$1=Tabelle2!$A$2,(1+Tabelle1!F$2)^(-Tabelle1!$A4),IF($B$1=Tabelle2!$A$3,((1+Tabelle1!F$2)^Tabelle1!$A4-1)/(Tabelle1!F$2*(1+Tabelle1!F$2)^Tabelle1!$A4),IF($B$1=Tabelle2!$A$4,(Tabelle1!F$2*(1+Tabelle1!F$2)^Tabelle1!$A4)/((1+Tabelle1!F$2)^Tabelle1!$A4-1))))) -> 1.8594104 | G4: =IF($B$1=Tabelle2!$A$1,(1+Tabelle1!G$2)^Tabelle1!$A4,IF($B$1=Tabelle2!$A$2,(1+Tabelle1!G$2)^(-Tabelle1!$A4),IF($B$1=Tabelle2!$A$3,((1+Tabelle1!G$2)^Tabelle1!$A4-1)/(Tabelle1!G$2*(1+Tabelle1!G$2)^Tabelle1!$A4),IF($B$1=Tabelle2!$A$4,(Tabelle1!G$2*(1+Tabelle1!G$2)^Tabelle1!$A4)/((1+Tabelle1!G$2)^Tabelle1!$A4-1))))) -> 1.8333927 | H4: =IF($B$1=Tabelle2!$A$1,(1+Tabelle1!H$2)^Tabelle1!$A4,IF($B$1=Tabelle2!$A$2,(1+Tabelle1!H$2)^(-Tabelle1!$A4),IF($B$1=Tabelle2!$A$3,((1+Tabelle1!H$2)^Tabelle1!$A4-1)/(Tabelle1!H$2*(1+Tabelle1!H$2)^Tabelle1!$A4),IF($B$1=Tabelle2!$A$4,(Tabelle1!H$2*(1+Tabelle1!H$2)^Tabelle1!$A4)/((1+Tabelle1!H$2)^Tabelle1!$A4-1))))) -> 1.8080182 | I4: =IF($B$1=Tabelle2!$A$1,(1+Tabelle1!I$2)^Tabelle1!$A4,IF($B$1=Tabelle2!$A$2,(1+Tabelle1!I$2)^(-Tabelle1!$A4),IF($B$1=Tabelle2!$A$3,((1+Tabelle1!I$2)^Tabelle1!$A4-1)/(Tabelle1!I$2*(1+Tabelle1!I$2)^Tabelle1!$A4),IF($B$1=Tabelle2!$A$4,(Tabelle1!I$2*(1+Tabelle1!I$2)^Tabelle1!$A4)/((1+Tabelle1!I$2)^Tabelle1!$A4-1))))) -> 1.7832647 | ... M4: =IF($B$1=Tabelle2!$A$1,(1+Tabelle1!M$2)^Tabelle1!$A4,IF($B$1=Tabelle2!$A$2,(1+Tabelle1!M$2)^(-Tabelle1!$A4),IF($B$1=Tabelle2!$A$3,((1+Tabelle1!M$2)^Tabelle1!$A4-1)/(Tabelle1!M$2*(1+Tabelle1!M$2)^Tabelle1!$A4),IF($B$1=Tabelle2!$A$4,(Tabelle1!M$2*(1+Tabelle1!M$2)^Tabelle1!$A4)/((1+Tabelle1!M$2)^Tabelle1!$A4-1))))) -> 1.690051
A5: 3 | B5: =IF($B$1=Tabelle2!$A$1,(1+Tabelle1!B$2)^Tabelle1!$A5,IF($B$1=Tabelle2!$A$2,(1+Tabelle1!B$2)^(-Tabelle1!$A5),IF($B$1=Tabelle2!$A$3,((1+Tabelle1!B$2)^Tabelle1!$A5-1)/(Tabelle1!B$2*(1+Tabelle1!B$2)^Tabelle1!$A5),IF($B$1=Tabelle2!$A$4,(Tabelle1!B$2*(1+Tabelle1!B$2)^Tabelle1!$A5)/((1+Tabelle1!B$2)^Tabelle1!$A5-1))))) -> 2.9409852 | C5: =IF($B$1=Tabelle2!$A$1,(1+Tabelle1!C$2)^Tabelle1!$A5,IF($B$1=Tabelle2!$A$2,(1+Tabelle1!C$2)^(-Tabelle1!$A5),IF($B$1=Tabelle2!$A$3,((1+Tabelle1!C$2)^Tabelle1!$A5-1)/(Tabelle1!C$2*(1+Tabelle1!C$2)^Tabelle1!$A5),IF($B$1=Tabelle2!$A$4,(Tabelle1!C$2*(1+Tabelle1!C$2)^Tabelle1!$A5)/((1+Tabelle1!C$2)^Tabelle1!$A5-1))))) -> 2.8838833 | D5: =IF($B$1=Tabelle2!$A$1,(1+Tabelle1!D$2)^Tabelle1!$A5,IF($B$1=Tabelle2!$A$2,(1+Tabelle1!D$2)^(-Tabelle1!$A5),IF($B$1=Tabelle2!$A$3,((1+Tabelle1!D$2)^Tabelle1!$A5-1)/(Tabelle1!D$2*(1+Tabelle1!D$2)^Tabelle1!$A5),IF($B$1=Tabelle2!$A$4,(Tabelle1!D$2*(1+Tabelle1!D$2)^Tabelle1!$A5)/((1+Tabelle1!D$2)^Tabelle1!$A5-1))))) -> 2.8286114 | E5: =IF($B$1=Tabelle2!$A$1,(1+Tabelle1!E$2)^Tabelle1!$A5,IF($B$1=Tabelle2!$A$2,(1+Tabelle1!E$2)^(-Tabelle1!$A5),IF($B$1=Tabelle2!$A$3,((1+Tabelle1!E$2)^Tabelle1!$A5-1)/(Tabelle1!E$2*(1+Tabelle1!E$2)^Tabelle1!$A5),IF($B$1=Tabelle2!$A$4,(Tabelle1!E$2*(1+Tabelle1!E$2)^Tabelle1!$A5)/((1+Tabelle1!E$2)^Tabelle1!$A5-1))))) -> 2.775091 | F5: =IF($B$1=Tabelle2!$A$1,(1+Tabelle1!F$2)^Tabelle1!$A5,IF($B$1=Tabelle2!$A$2,(1+Tabelle1!F$2)^(-Tabelle1!$A5),IF($B$1=Tabelle2!$A$3,((1+Tabelle1!F$2)^Tabelle1!$A5-1)/(Tabelle1!F$2*(1+Tabelle1!F$2)^Tabelle1!$A5),IF($B$1=Tabelle2!$A$4,(Tabelle1!F$2*(1+Tabelle1!F$2)^Tabelle1!$A5)/((1+Tabelle1!F$2)^Tabelle1!$A5-1))))) -> 2.723248 | G5: =IF($B$1=Tabelle2!$A$1,(1+Tabelle1!G$2)^Tabelle1!$A5,IF($B$1=Tabelle2!$A$2,(1+Tabelle1!G$2)^(-Tabelle1!$A5),IF($B$1=Tabelle2!$A$3,((1+Tabelle1!G$2)^Tabelle1!$A5-1)/(Tabelle1!G$2*(1+Tabelle1!G$2)^Tabelle1!$A5),IF($B$1=Tabelle2!$A$4,(Tabelle1!G$2*(1+Tabelle1!G$2)^Tabelle1!$A5)/((1+Tabelle1!G$2)^Tabelle1!$A5-1))))) -> 2.6730119 | H5: =IF($B$1=Tabelle2!$A$1,(1+Tabelle1!H$2)^Tabelle1!$A5,IF($B$1=Tabelle2!$A$2,(1+Tabelle1!H$2)^(-Tabelle1!$A5),IF($B$1=Tabelle2!$A$3,((1+Tabelle1!H$2)^Tabelle1!$A5-1)/(Tabelle1!H$2*(1+Tabelle1!H$2)^Tabelle1!$A5),IF($B$1=Tabelle2!$A$4,(Tabelle1!H$2*(1+Tabelle1!H$2)^Tabelle1!$A5)/((1+Tabelle1!H$2)^Tabelle1!$A5-1))))) -> 2.624316 | I5: =IF($B$1=Tabelle2!$A$1,(1+Tabelle1!I$2)^Tabelle1!$A5,IF($B$1=Tabelle2!$A$2,(1+Tabelle1!I$2)^(-Tabelle1!$A5),IF($B$1=Tabelle2!$A$3,((1+Tabelle1!I$2)^Tabelle1!$A5-1)/(Tabelle1!I$2*(1+Tabelle1!I$2)^Tabelle1!$A5),IF($B$1=Tabelle2!$A$4,(Tabelle1!I$2*(1+Tabelle1!I$2)^Tabelle1!$A5)/((1+Tabelle1!I$2)^Tabelle1!$A5-1))))) -> 2.577097 | ... M5: =IF($B$1=Tabelle2!$A$1,(1+Tabelle1!M$2)^Tabelle1!$A5,IF($B$1=Tabelle2!$A$2,(1+Tabelle1!M$2)^(-Tabelle1!$A5),IF($B$1=Tabelle2!$A$3,((1+Tabelle1!M$2)^Tabelle1!$A5-1)/(Tabelle1!M$2*(1+Tabelle1!M$2)^Tabelle1!$A5),IF($B$1=Tabelle2!$A$4,(Tabelle1!M$2*(1+Tabelle1!M$2)^Tabelle1!$A5)/((1+Tabelle1!M$2)^Tabelle1!$A5-1))))) -> 2.4018313
A6: 4 | B6: =IF($B$1=Tabelle2!$A$1,(1+Tabelle1!B$2)^Tabelle1!$A6,IF($B$1=Tabelle2!$A$2,(1+Tabelle1!B$2)^(-Tabelle1!$A6),IF($B$1=Tabelle2!$A$3,((1+Tabelle1!B$2)^Tabelle1!$A6-1)/(Tabelle1!B$2*(1+Tabelle1!B$2)^Tabelle1!$A6),IF($B$1=Tabelle2!$A$4,(Tabelle1!B$2*(1+Tabelle1!B$2)^Tabelle1!$A6)/((1+Tabelle1!B$2)^Tabelle1!$A6-1))))) -> 3.9019656 | C6: =IF($B$1=Tabelle2!$A$1,(1+Tabelle1!C$2)^Tabelle1!$A6,IF($B$1=Tabelle2!$A$2,(1+Tabelle1!C$2)^(-Tabelle1!$A6),IF($B$1=Tabelle2!$A$3,((1+Tabelle1!C$2)^Tabelle1!$A6-1)/(Tabelle1!C$2*(1+Tabelle1!C$2)^Tabelle1!$A6),IF($B$1=Tabelle2!$A$4,(Tabelle1!C$2*(1+Tabelle1!C$2)^Tabelle1!$A6)/((1+Tabelle1!C$2)^Tabelle1!$A6-1))))) -> 3.8077287 | D6: =IF($B$1=Tabelle2!$A$1,(1+Tabelle1!D$2)^Tabelle1!$A6,IF($B$1=Tabelle2!$A$2,(1+Tabelle1!D$2)^(-Tabelle1!$A6),IF($B$1=Tabelle2!$A$3,((1+Tabelle1!D$2)^Tabelle1!$A6-1)/(Tabelle1!D$2*(1+Tabelle1!D$2)^Tabelle1!$A6),IF($B$1=Tabelle2!$A$4,(Tabelle1!D$2*(1+Tabelle1!D$2)^Tabelle1!$A6)/((1+Tabelle1!D$2)^Tabelle1!$A6-1))))) -> 3.7170984 | E6: =IF($B$1=Tabelle2!$A$1,(1+Tabelle1!E$2)^Tabelle1!$A6,IF($B$1=Tabelle2!$A$2,(1+Tabelle1!E$2)^(-Tabelle1!$A6),IF($B$1=Tabelle2!$A$3,((1+Tabelle1!E$2)^Tabelle1!$A6-1)/(Tabelle1!E$2*(1+Tabelle1!E$2)^Tabelle1!$A6),IF($B$1=Tabelle2!$A$4,(Tabelle1!E$2*(1+Tabelle1!E$2)^Tabelle1!$A6)/((1+Tabelle1!E$2)^Tabelle1!$A6-1))))) -> 3.6298952 | F6: =IF($B$1=Tabelle2!$A$1,(1+Tabelle1!F$2)^Tabelle1!$A6,IF($B$1=Tabelle2!$A$2,(1+Tabelle1!F$2)^(-Tabelle1!$A6),IF($B$1=Tabelle2!$A$3,((1+Tabelle1!F$2)^Tabelle1!$A6-1)/(Tabelle1!F$2*(1+Tabelle1!F$2)^Tabelle1!$A6),IF($B$1=Tabelle2!$A$4,(Tabelle1!F$2*(1+Tabelle1!F$2)^Tabelle1!$A6)/((1+Tabelle1!F$2)^Tabelle1!$A6-1))))) -> 3.5459505 | G6: =IF($B$1=Tabelle2!$A$1,(1+Tabelle1!G$2)^Tabelle1!$A6,IF($B$1=Tabelle2!$A$2,(1+Tabelle1!G$2)^(-Tabelle1!$A6),IF($B$1=Tabelle2!$A$3,((1+Tabelle1!G$2)^Tabelle1!$A6-1)/(Tabelle1!G$2*(1+Tabelle1!G$2)^Tabelle1!$A6),IF($B$1=Tabelle2!$A$4,(Tabelle1!G$2*(1+Tabelle1!G$2)^Tabelle1!$A6)/((1+Tabelle1!G$2)^Tabelle1!$A6-1))))) -> 3.4651056 | H6: =IF($B$1=Tabelle2!$A$1,(1+Tabelle1!H$2)^Tabelle1!$A6,IF($B$1=Tabelle2!$A$2,(1+Tabelle1!H$2)^(-Tabelle1!$A6),IF($B$1=Tabelle2!$A$3,((1+Tabelle1!H$2)^Tabelle1!$A6-1)/(Tabelle1!H$2*(1+Tabelle1!H$2)^Tabelle1!$A6),IF($B$1=Tabelle2!$A$4,(Tabelle1!H$2*(1+Tabelle1!H$2)^Tabelle1!$A6)/((1+Tabelle1!H$2)^Tabelle1!$A6-1))))) -> 3.3872113 | I6: =IF($B$1=Tabelle2!$A$1,(1+Tabelle1!I$2)^Tabelle1!$A6,IF($B$1=Tabelle2!$A$2,(1+Tabelle1!I$2)^(-Tabelle1!$A6),IF($B$1=Tabelle2!$A$3,((1+Tabelle1!I$2)^Tabelle1!$A6-1)/(Tabelle1!I$2*(1+Tabelle1!I$2)^Tabelle1!$A6),IF($B$1=Tabelle2!$A$4,(Tabelle1!I$2*(1+Tabelle1!I$2)^Tabelle1!$A6)/((1+Tabelle1!I$2)^Tabelle1!$A6-1))))) -> 3.3121268 | ... M6: =IF($B$1=Tabelle2!$A$1,(1+Tabelle1!M$2)^Tabelle1!$A6,IF($B$1=Tabelle2!$A$2,(1+Tabelle1!M$2)^(-Tabelle1!$A6),IF($B$1=Tabelle2!$A$3,((1+Tabelle1!M$2)^Tabelle1!$A6-1)/(Tabelle1!M$2*(1+Tabelle1!M$2)^Tabelle1!$A6),IF($B$1=Tabelle2!$A$4,(Tabelle1!M$2*(1+Tabelle1!M$2)^Tabelle1!$A6)/((1+Tabelle1!M$2)^Tabelle1!$A6-1))))) -> 3.0373493
A7: 5 | B7: =IF($B$1=Tabelle2!$A$1,(1+Tabelle1!B$2)^Tabelle1!$A7,IF($B$1=Tabelle2!$A$2,(1+Tabelle1!B$2)^(-Tabelle1!$A7),IF($B$1=Tabelle2!$A$3,((1+Tabelle1!B$2)^Tabelle1!$A7-1)/(Tabelle1!B$2*(1+Tabelle1!B$2)^Tabelle1!$A7),IF($B$1=Tabelle2!$A$4,(Tabelle1!B$2*(1+Tabelle1!B$2)^Tabelle1!$A7)/((1+Tabelle1!B$2)^Tabelle1!$A7-1))))) -> 4.8534312 | C7: =IF($B$1=Tabelle2!$A$1,(1+Tabelle1!C$2)^Tabelle1!$A7,IF($B$1=Tabelle2!$A$2,(1+Tabelle1!C$2)^(-Tabelle1!$A7),IF($B$1=Tabelle2!$A$3,((1+Tabelle1!C$2)^Tabelle1!$A7-1)/(Tabelle1!C$2*(1+Tabelle1!C$2)^Tabelle1!$A7),IF($B$1=Tabelle2!$A$4,(Tabelle1!C$2*(1+Tabelle1!C$2)^Tabelle1!$A7)/((1+Tabelle1!C$2)^Tabelle1!$A7-1))))) -> 4.7134595 | D7: =IF($B$1=Tabelle2!$A$1,(1+Tabelle1!D$2)^Tabelle1!$A7,IF($B$1=Tabelle2!$A$2,(1+Tabelle1!D$2)^(-Tabelle1!$A7),IF($B$1=Tabelle2!$A$3,((1+Tabelle1!D$2)^Tabelle1!$A7-1)/(Tabelle1!D$2*(1+Tabelle1!D$2)^Tabelle1!$A7),IF($B$1=Tabelle2!$A$4,(Tabelle1!D$2*(1+Tabelle1!D$2)^Tabelle1!$A7)/((1+Tabelle1!D$2)^Tabelle1!$A7-1))))) -> 4.5797072 | E7: =IF($B$1=Tabelle2!$A$1,(1+Tabelle1!E$2)^Tabelle1!$A7,IF($B$1=Tabelle2!$A$2,(1+Tabelle1!E$2)^(-Tabelle1!$A7),IF($B$1=Tabelle2!$A$3,((1+Tabelle1!E$2)^Tabelle1!$A7-1)/(Tabelle1!E$2*(1+Tabelle1!E$2)^Tabelle1!$A7),IF($B$1=Tabelle2!$A$4,(Tabelle1!E$2*(1+Tabelle1!E$2)^Tabelle1!$A7)/((1+Tabelle1!E$2)^Tabelle1!$A7-1))))) -> 4.4518223 | F7: =IF($B$1=Tabelle2!$A$1,(1+Tabelle1!F$2)^Tabelle1!$A7,IF($B$1=Tabelle2!$A$2,(1+Tabelle1!F$2)^(-Tabelle1!$A7),IF($B$1=Tabelle2!$A$3,((1+Tabelle1!F$2)^Tabelle1!$A7-1)/(Tabelle1!F$2*(1+Tabelle1!F$2)^Tabelle1!$A7),IF($B$1=Tabelle2!$A$4,(Tabelle1!F$2*(1+Tabelle1!F$2)^Tabelle1!$A7)/((1+Tabelle1!F$2)^Tabelle1!$A7-1))))) -> 4.3294767 | G7: =IF($B$1=Tabelle2!$A$1,(1+Tabelle1!G$2)^Tabelle1!$A7,IF($B$1=Tabelle2!$A$2,(1+Tabelle1!G$2)^(-Tabelle1!$A7),IF($B$1=Tabelle2!$A$3,((1+Tabelle1!G$2)^Tabelle1!$A7-1)/(Tabelle1!G$2*(1+Tabelle1!G$2)^Tabelle1!$A7),IF($B$1=Tabelle2!$A$4,(Tabelle1!G$2*(1+Tabelle1!G$2)^Tabelle1!$A7)/((1+Tabelle1!G$2)^Tabelle1!$A7-1))))) -> 4.2123638 | H7: =IF($B$1=Tabelle2!$A$1,(1+Tabelle1!H$2)^Tabelle1!$A7,IF($B$1=Tabelle2!$A$2,(1+Tabelle1!H$2)^(-Tabelle1!$A7),IF($B$1=Tabelle2!$A$3,((1+Tabelle1!H$2)^Tabelle1!$A7-1)/(Tabelle1!H$2*(1+Tabelle1!H$2)^Tabelle1!$A7),IF($B$1=Tabelle2!$A$4,(Tabelle1!H$2*(1+Tabelle1!H$2)^Tabelle1!$A7)/((1+Tabelle1!H$2)^Tabelle1!$A7-1))))) -> 4.1001974 | I7: =IF($B$1=Tabelle2!$A$1,(1+Tabelle1!I$2)^Tabelle1!$A7,IF($B$1=Tabelle2!$A$2,(1+Tabelle1!I$2)^(-Tabelle1!$A7),IF($B$1=Tabelle2!$A$3,((1+Tabelle1!I$2)^Tabelle1!$A7-1)/(Tabelle1!I$2*(1+Tabelle1!I$2)^Tabelle1!$A7),IF($B$1=Tabelle2!$A$4,(Tabelle1!I$2*(1+Tabelle1!I$2)^Tabelle1!$A7)/((1+Tabelle1!I$2)^Tabelle1!$A7-1))))) -> 3.99271 | ... M7: =IF($B$1=Tabelle2!$A$1,(1+Tabelle1!M$2)^Tabelle1!$A7,IF($B$1=Tabelle2!$A$2,(1+Tabelle1!M$2)^(-Tabelle1!$A7),IF($B$1=Tabelle2!$A$3,((1+Tabelle1!M$2)^Tabelle1!$A7-1)/(Tabelle1!M$2*(1+Tabelle1!M$2)^Tabelle1!$A7),IF($B$1=Tabelle2!$A$4,(Tabelle1!M$2*(1+Tabelle1!M$2)^Tabelle1!$A7)/((1+Tabelle1!M$2)^Tabelle1!$A7-1))))) -> 3.6047762
A8: 6 | B8: =IF($B$1=Tabelle2!$A$1,(1+Tabelle1!B$2)^Tabelle1!$A8,IF($B$1=Tabelle2!$A$2,(1+Tabelle1!B$2)^(-Tabelle1!$A8),IF($B$1=Tabelle2!$A$3,((1+Tabelle1!B$2)^Tabelle1!$A8-1)/(Tabelle1!B$2*(1+Tabelle1!B$2)^Tabelle1!$A8),IF($B$1=Tabelle2!$A$4,(Tabelle1!B$2*(1+Tabelle1!B$2)^Tabelle1!$A8)/((1+Tabelle1!B$2)^Tabelle1!$A8-1))))) -> 5.7954765 | C8: =IF($B$1=Tabelle2!$A$1,(1+Tabelle1!C$2)^Tabelle1!$A8,IF($B$1=Tabelle2!$A$2,(1+Tabelle1!C$2)^(-Tabelle1!$A8),IF($B$1=Tabelle2!$A$3,((1+Tabelle1!C$2)^Tabelle1!$A8-1)/(Tabelle1!C$2*(1+Tabelle1!C$2)^Tabelle1!$A8),IF($B$1=Tabelle2!$A$4,(Tabelle1!C$2*(1+Tabelle1!C$2)^Tabelle1!$A8)/((1+Tabelle1!C$2)^Tabelle1!$A8-1))))) -> 5.6014309 | D8: =IF($B$1=Tabelle2!$A$1,(1+Tabelle1!D$2)^Tabelle1!$A8,IF($B$1=Tabelle2!$A$2,(1+Tabelle1!D$2)^(-Tabelle1!$A8),IF($B$1=Tabelle2!$A$3,((1+Tabelle1!D$2)^Tabelle1!$A8-1)/(Tabelle1!D$2*(1+Tabelle1!D$2)^Tabelle1!$A8),IF($B$1=Tabelle2!$A$4,(Tabelle1!D$2*(1+Tabelle1!D$2)^Tabelle1!$A8)/((1+Tabelle1!D$2)^Tabelle1!$A8-1))))) -> 5.4171914 | E8: =IF($B$1=Tabelle2!$A$1,(1+Tabelle1!E$2)^Tabelle1!$A8,IF($B$1=Tabelle2!$A$2,(1+Tabelle1!E$2)^(-Tabelle1!$A8),IF($B$1=Tabelle2!$A$3,((1+Tabelle1!E$2)^Tabelle1!$A8-1)/(Tabelle1!E$2*(1+Tabelle1!E$2)^Tabelle1!$A8),IF($B$1=Tabelle2!$A$4,(Tabelle1!E$2*(1+Tabelle1!E$2)^Tabelle1!$A8)/((1+Tabelle1!E$2)^Tabelle1!$A8-1))))) -> 5.2421369 | F8: =IF($B$1=Tabelle2!$A$1,(1+Tabelle1!F$2)^Tabelle1!$A8,IF($B$1=Tabelle2!$A$2,(1+Tabelle1!F$2)^(-Tabelle1!$A8),IF($B$1=Tabelle2!$A$3,((1+Tabelle1!F$2)^Tabelle1!$A8-1)/(Tabelle1!F$2*(1+Tabelle1!F$2)^Tabelle1!$A8),IF($B$1=Tabelle2!$A$4,(Tabelle1!F$2*(1+Tabelle1!F$2)^Tabelle1!$A8)/((1+Tabelle1!F$2)^Tabelle1!$A8-1))))) -> 5.0756921 | G8: =IF($B$1=Tabelle2!$A$1,(1+Tabelle1!G$2)^Tabelle1!$A8,IF($B$1=Tabelle2!$A$2,(1+Tabelle1!G$2)^(-Tabelle1!$A8),IF($B$1=Tabelle2!$A$3,((1+Tabelle1!G$2)^Tabelle1!$A8-1)/(Tabelle1!G$2*(1+Tabelle1!G$2)^Tabelle1!$A8),IF($B$1=Tabelle2!$A$4,(Tabelle1!G$2*(1+Tabelle1!G$2)^Tabelle1!$A8)/((1+Tabelle1!G$2)^Tabelle1!$A8-1))))) -> 4.9173243 | H8: =IF($B$1=Tabelle2!$A$1,(1+Tabelle1!H$2)^Tabelle1!$A8,IF($B$1=Tabelle2!$A$2,(1+Tabelle1!H$2)^(-Tabelle1!$A8),IF($B$1=Tabelle2!$A$3,((1+Tabelle1!H$2)^Tabelle1!$A8-1)/(Tabelle1!H$2*(1+Tabelle1!H$2)^Tabelle1!$A8),IF($B$1=Tabelle2!$A$4,(Tabelle1!H$2*(1+Tabelle1!H$2)^Tabelle1!$A8)/((1+Tabelle1!H$2)^Tabelle1!$A8-1))))) -> 4.7665397 | I8: =IF($B$1=Tabelle2!$A$1,(1+Tabelle1!I$2)^Tabelle1!$A8,IF($B$1=Tabelle2!$A$2,(1+Tabelle1!I$2)^(-Tabelle1!$A8),IF($B$1=Tabelle2!$A$3,((1+Tabelle1!I$2)^Tabelle1!$A8-1)/(Tabelle1!I$2*(1+Tabelle1!I$2)^Tabelle1!$A8),IF($B$1=Tabelle2!$A$4,(Tabelle1!I$2*(1+Tabelle1!I$2)^Tabelle1!$A8)/((1+Tabelle1!I$2)^Tabelle1!$A8-1))))) -> 4.6228797 | ... M8: =IF($B$1=Tabelle2!$A$1,(1+Tabelle1!M$2)^Tabelle1!$A8,IF($B$1=Tabelle2!$A$2,(1+Tabelle1!M$2)^(-Tabelle1!$A8),IF($B$1=Tabelle2!$A$3,((1+Tabelle1!M$2)^Tabelle1!$A8-1)/(Tabelle1!M$2*(1+Tabelle1!M$2)^Tabelle1!$A8),IF($B$1=Tabelle2!$A$4,(Tabelle1!M$2*(1+Tabelle1!M$2)^Tabelle1!$A8)/((1+Tabelle1!M$2)^Tabelle1!$A8-1))))) -> 4.1114073
A9: 7 | B9: =IF($B$1=Tabelle2!$A$1,(1+Tabelle1!B$2)^Tabelle1!$A9,IF($B$1=Tabelle2!$A$2,(1+Tabelle1!B$2)^(-Tabelle1!$A9),IF($B$1=Tabelle2!$A$3,((1+Tabelle1!B$2)^Tabelle1!$A9-1)/(Tabelle1!B$2*(1+Tabelle1!B$2)^Tabelle1!$A9),IF($B$1=Tabelle2!$A$4,(Tabelle1!B$2*(1+Tabelle1!B$2)^Tabelle1!$A9)/((1+Tabelle1!B$2)^Tabelle1!$A9-1))))) -> 6.7281945 | C9: =IF($B$1=Tabelle2!$A$1,(1+Tabelle1!C$2)^Tabelle1!$A9,IF($B$1=Tabelle2!$A$2,(1+Tabelle1!C$2)^(-Tabelle1!$A9),IF($B$1=Tabelle2!$A$3,((1+Tabelle1!C$2)^Tabelle1!$A9-1)/(Tabelle1!C$2*(1+Tabelle1!C$2)^Tabelle1!$A9),IF($B$1=Tabelle2!$A$4,(Tabelle1!C$2*(1+Tabelle1!C$2)^Tabelle1!$A9)/((1+Tabelle1!C$2)^Tabelle1!$A9-1))))) -> 6.4719911 | D9: =IF($B$1=Tabelle2!$A$1,(1+Tabelle1!D$2)^Tabelle1!$A9,IF($B$1=Tabelle2!$A$2,(1+Tabelle1!D$2)^(-Tabelle1!$A9),IF($B$1=Tabelle2!$A$3,((1+Tabelle1!D$2)^Tabelle1!$A9-1)/(Tabelle1!D$2*(1+Tabelle1!D$2)^Tabelle1!$A9),IF($B$1=Tabelle2!$A$4,(Tabelle1!D$2*(1+Tabelle1!D$2)^Tabelle1!$A9)/((1+Tabelle1!D$2)^Tabelle1!$A9-1))))) -> 6.230283 | E9: =IF($B$1=Tabelle2!$A$1,(1+Tabelle1!E$2)^Tabelle1!$A9,IF($B$1=Tabelle2!$A$2,(1+Tabelle1!E$2)^(-Tabelle1!$A9),IF($B$1=Tabelle2!$A$3,((1+Tabelle1!E$2)^Tabelle1!$A9-1)/(Tabelle1!E$2*(1+Tabelle1!E$2)^Tabelle1!$A9),IF($B$1=Tabelle2!$A$4,(Tabelle1!E$2*(1+Tabelle1!E$2)^Tabelle1!$A9)/((1+Tabelle1!E$2)^Tabelle1!$A9-1))))) -> 6.0020547 | F9: =IF($B$1=Tabelle2!$A$1,(1+Tabelle1!F$2)^Tabelle1!$A9,IF($B$1=Tabelle2!$A$2,(1+Tabelle1!F$2)^(-Tabelle1!$A9),IF($B$1=Tabelle2!$A$3,((1+Tabelle1!F$2)^Tabelle1!$A9-1)/(Tabelle1!F$2*(1+Tabelle1!F$2)^Tabelle1!$A9),IF($B$1=Tabelle2!$A$4,(Tabelle1!F$2*(1+Tabelle1!F$2)^Tabelle1!$A9)/((1+Tabelle1!F$2)^Tabelle1!$A9-1))))) -> 5.7863734 | G9: =IF($B$1=Tabelle2!$A$1,(1+Tabelle1!G$2)^Tabelle1!$A9,IF($B$1=Tabelle2!$A$2,(1+Tabelle1!G$2)^(-Tabelle1!$A9),IF($B$1=Tabelle2!$A$3,((1+Tabelle1!G$2)^Tabelle1!$A9-1)/(Tabelle1!G$2*(1+Tabelle1!G$2)^Tabelle1!$A9),IF($B$1=Tabelle2!$A$4,(Tabelle1!G$2*(1+Tabelle1!G$2)^Tabelle1!$A9)/((1+Tabelle1!G$2)^Tabelle1!$A9-1))))) -> 5.5823814 | H9: =IF($B$1=Tabelle2!$A$1,(1+Tabelle1!H$2)^Tabelle1!$A9,IF($B$1=Tabelle2!$A$2,(1+Tabelle1!H$2)^(-Tabelle1!$A9),IF($B$1=Tabelle2!$A$3,((1+Tabelle1!H$2)^Tabelle1!$A9-1)/(Tabelle1!H$2*(1+Tabelle1!H$2)^Tabelle1!$A9),IF($B$1=Tabelle2!$A$4,(Tabelle1!H$2*(1+Tabelle1!H$2)^Tabelle1!$A9)/((1+Tabelle1!H$2)^Tabelle1!$A9-1))))) -> 5.3892894 | I9: =IF($B$1=Tabelle2!$A$1,(1+Tabelle1!I$2)^Tabelle1!$A9,IF($B$1=Tabelle2!$A$2,(1+Tabelle1!I$2)^(-Tabelle1!$A9),IF($B$1=Tabelle2!$A$3,((1+Tabelle1!I$2)^Tabelle1!$A9-1)/(Tabelle1!I$2*(1+Tabelle1!I$2)^Tabelle1!$A9),IF($B$1=Tabelle2!$A$4,(Tabelle1!I$2*(1+Tabelle1!I$2)^Tabelle1!$A9)/((1+Tabelle1!I$2)^Tabelle1!$A9-1))))) -> 5.2063701 | ... M9: =IF($B$1=Tabelle2!$A$1,(1+Tabelle1!M$2)^Tabelle1!$A9,IF($B$1=Tabelle2!$A$2,(1+Tabelle1!M$2)^(-Tabelle1!$A9),IF($B$1=Tabelle2!$A$3,((1+Tabelle1!M$2)^Tabelle1!$A9-1)/(Tabelle1!M$2*(1+Tabelle1!M$2)^Tabelle1!$A9),IF($B$1=Tabelle2!$A$4,(Tabelle1!M$2*(1+Tabelle1!M$2)^Tabelle1!$A9)/((1+Tabelle1!M$2)^Tabelle1!$A9-1))))) -> 4.5637565
A10: 8 | B10: =IF($B$1=Tabelle2!$A$1,(1+Tabelle1!B$2)^Tabelle1!$A10,IF($B$1=Tabelle2!$A$2,(1+Tabelle1!B$2)^(-Tabelle1!$A10),IF($B$1=Tabelle2!$A$3,((1+Tabelle1!B$2)^Tabelle1!$A10-1)/(Tabelle1!B$2*(1+Tabelle1!B$2)^Tabelle1!$A10),IF($B$1=Tabelle2!$A$4,(Tabelle1!B$2*(1+Tabelle1!B$2)^Tabelle1!$A10)/((1+Tabelle1!B$2)^Tabelle1!$A10-1))))) -> 7.6516778 | C10: =IF($B$1=Tabelle2!$A$1,(1+Tabelle1!C$2)^Tabelle1!$A10,IF($B$1=Tabelle2!$A$2,(1+Tabelle1!C$2)^(-Tabelle1!$A10),IF($B$1=Tabelle2!$A$3,((1+Tabelle1!C$2)^Tabelle1!$A10-1)/(Tabelle1!C$2*(1+Tabelle1!C$2)^Tabelle1!$A10),IF($B$1=Tabelle2!$A$4,(Tabelle1!C$2*(1+Tabelle1!C$2)^Tabelle1!$A10)/((1+Tabelle1!C$2)^Tabelle1!$A10-1))))) -> 7.3254814 | D10: =IF($B$1=Tabelle2!$A$1,(1+Tabelle1!D$2)^Tabelle1!$A10,IF($B$1=Tabelle2!$A$2,(1+Tabelle1!D$2)^(-Tabelle1!$A10),IF($B$1=Tabelle2!$A$3,((1+Tabelle1!D$2)^Tabelle1!$A10-1)/(Tabelle1!D$2*(1+Tabelle1!D$2)^Tabelle1!$A10),IF($B$1=Tabelle2!$A$4,(Tabelle1!D$2*(1+Tabelle1!D$2)^Tabelle1!$A10)/((1+Tabelle1!D$2)^Tabelle1!$A10-1))))) -> 7.0196922 | E10: =IF($B$1=Tabelle2!$A$1,(1+Tabelle1!E$2)^Tabelle1!$A10,IF($B$1=Tabelle2!$A$2,(1+Tabelle1!E$2)^(-Tabelle1!$A10),IF($B$1=Tabelle2!$A$3,((1+Tabelle1!E$2)^Tabelle1!$A10-1)/(Tabelle1!E$2*(1+Tabelle1!E$2)^Tabelle1!$A10),IF($B$1=Tabelle2!$A$4,(Tabelle1!E$2*(1+Tabelle1!E$2)^Tabelle1!$A10)/((1+Tabelle1!E$2)^Tabelle1!$A10-1))))) -> 6.7327449 | F10: =IF($B$1=Tabelle2!$A$1,(1+Tabelle1!F$2)^Tabelle1!$A10,IF($B$1=Tabelle2!$A$2,(1+Tabelle1!F$2)^(-Tabelle1!$A10),IF($B$1=Tabelle2!$A$3,((1+Tabelle1!F$2)^Tabelle1!$A10-1)/(Tabelle1!F$2*(1+Tabelle1!F$2)^Tabelle1!$A10),IF($B$1=Tabelle2!$A$4,(Tabelle1!F$2*(1+Tabelle1!F$2)^Tabelle1!$A10)/((1+Tabelle1!F$2)^Tabelle1!$A10-1))))) -> 6.4632128 | G10: =IF($B$1=Tabelle2!$A$1,(1+Tabelle1!G$2)^Tabelle1!$A10,IF($B$1=Tabelle2!$A$2,(1+Tabelle1!G$2)^(-Tabelle1!$A10),IF($B$1=Tabelle2!$A$3,((1+Tabelle1!G$2)^Tabelle1!$A10-1)/(Tabelle1!G$2*(1+Tabelle1!G$2)^Tabelle1!$A10),IF($B$1=Tabelle2!$A$4,(Tabelle1!G$2*(1+Tabelle1!G$2)^Tabelle1!$A10)/((1+Tabelle1!G$2)^Tabelle1!$A10-1))))) -> 6.2097938 | H10: =IF($B$1=Tabelle2!$A$1,(1+Tabelle1!H$2)^Tabelle1!$A10,IF($B$1=Tabelle2!$A$2,(1+Tabelle1!H$2)^(-Tabelle1!$A10),IF($B$1=Tabelle2!$A$3,((1+Tabelle1!H$2)^Tabelle1!$A10-1)/(Tabelle1!H$2*(1+Tabelle1!H$2)^Tabelle1!$A10),IF($B$1=Tabelle2!$A$4,(Tabelle1!H$2*(1+Tabelle1!H$2)^Tabelle1!$A10)/((1+Tabelle1!H$2)^Tabelle1!$A10-1))))) -> 5.9712985 | I10: =IF($B$1=Tabelle2!$A$1,(1+Tabelle1!I$2)^Tabelle1!$A10,IF($B$1=Tabelle2!$A$2,(1+Tabelle1!I$2)^(-Tabelle1!$A10),IF($B$1=Tabelle2!$A$3,((1+Tabelle1!I$2)^Tabelle1!$A10-1)/(Tabelle1!I$2*(1+Tabelle1!I$2)^Tabelle1!$A10),IF($B$1=Tabelle2!$A$4,(Tabelle1!I$2*(1+Tabelle1!I$2)^Tabelle1!$A10)/((1+Tabelle1!I$2)^Tabelle1!$A10-1))))) -> 5.7466389 | ... M10: =IF($B$1=Tabelle2!$A$1,(1+Tabelle1!M$2)^Tabelle1!$A10,IF($B$1=Tabelle2!$A$2,(1+Tabelle1!M$2)^(-Tabelle1!$A10),IF($B$1=Tabelle2!$A$3,((1+Tabelle1!M$2)^Tabelle1!$A10-1)/(Tabelle1!M$2*(1+Tabelle1!M$2)^Tabelle1!$A10),IF($B$1=Tabelle2!$A$4,(Tabelle1!M$2*(1+Tabelle1!M$2)^Tabelle1!$A10)/((1+Tabelle1!M$2)^Tabelle1!$A10-1))))) -> 4.9676398
A11: 9 | B11: =IF($B$1=Tabelle2!$A$1,(1+Tabelle1!B$2)^Tabelle1!$A11,IF($B$1=Tabelle2!$A$2,(1+Tabelle1!B$2)^(-Tabelle1!$A11),IF($B$1=Tabelle2!$A$3,((1+Tabelle1!B$2)^Tabelle1!$A11-1)/(Tabelle1!B$2*(1+Tabelle1!B$2)^Tabelle1!$A11),IF($B$1=Tabelle2!$A$4,(Tabelle1!B$2*(1+Tabelle1!B$2)^Tabelle1!$A11)/((1+Tabelle1!B$2)^Tabelle1!$A11-1))))) -> 8.5660176 | C11: =IF($B$1=Tabelle2!$A$1,(1+Tabelle1!C$2)^Tabelle1!$A11,IF($B$1=Tabelle2!$A$2,(1+Tabelle1!C$2)^(-Tabelle1!$A11),IF($B$1=Tabelle2!$A$3,((1+Tabelle1!C$2)^Tabelle1!$A11-1)/(Tabelle1!C$2*(1+Tabelle1!C$2)^Tabelle1!$A11),IF($B$1=Tabelle2!$A$4,(Tabelle1!C$2*(1+Tabelle1!C$2)^Tabelle1!$A11)/((1+Tabelle1!C$2)^Tabelle1!$A11-1))))) -> 8.1622367 | D11: =IF($B$1=Tabelle2!$A$1,(1+Tabelle1!D$2)^Tabelle1!$A11,IF($B$1=Tabelle2!$A$2,(1+Tabelle1!D$2)^(-Tabelle1!$A11),IF($B$1=Tabelle2!$A$3,((1+Tabelle1!D$2)^Tabelle1!$A11-1)/(Tabelle1!D$2*(1+Tabelle1!D$2)^Tabelle1!$A11),IF($B$1=Tabelle2!$A$4,(Tabelle1!D$2*(1+Tabelle1!D$2)^Tabelle1!$A11)/((1+Tabelle1!D$2)^Tabelle1!$A11-1))))) -> 7.7861089 | E11: =IF($B$1=Tabelle2!$A$1,(1+Tabelle1!E$2)^Tabelle1!$A11,IF($B$1=Tabelle2!$A$2,(1+Tabelle1!E$2)^(-Tabelle1!$A11),IF($B$1=Tabelle2!$A$3,((1+Tabelle1!E$2)^Tabelle1!$A11-1)/(Tabelle1!E$2*(1+Tabelle1!E$2)^Tabelle1!$A11),IF($B$1=Tabelle2!$A$4,(Tabelle1!E$2*(1+Tabelle1!E$2)^Tabelle1!$A11)/((1+Tabelle1!E$2)^Tabelle1!$A11-1))))) -> 7.4353316 | F11: =IF($B$1=Tabelle2!$A$1,(1+Tabelle1!F$2)^Tabelle1!$A11,IF($B$1=Tabelle2!$A$2,(1+Tabelle1!F$2)^(-Tabelle1!$A11),IF($B$1=Tabelle2!$A$3,((1+Tabelle1!F$2)^Tabelle1!$A11-1)/(Tabelle1!F$2*(1+Tabelle1!F$2)^Tabelle1!$A11),IF($B$1=Tabelle2!$A$4,(Tabelle1!F$2*(1+Tabelle1!F$2)^Tabelle1!$A11)/((1+Tabelle1!F$2)^Tabelle1!$A11-1))))) -> 7.1078217 | G11: =IF($B$1=Tabelle2!$A$1,(1+Tabelle1!G$2)^Tabelle1!$A11,IF($B$1=Tabelle2!$A$2,(1+Tabelle1!G$2)^(-Tabelle1!$A11),IF($B$1=Tabelle2!$A$3,((1+Tabelle1!G$2)^Tabelle1!$A11-1)/(Tabelle1!G$2*(1+Tabelle1!G$2)^Tabelle1!$A11),IF($B$1=Tabelle2!$A$4,(Tabelle1!G$2*(1+Tabelle1!G$2)^Tabelle1!$A11)/((1+Tabelle1!G$2)^Tabelle1!$A11-1))))) -> 6.8016923 | H11: =IF($B$1=Tabelle2!$A$1,(1+Tabelle1!H$2)^Tabelle1!$A11,IF($B$1=Tabelle2!$A$2,(1+Tabelle1!H$2)^(-Tabelle1!$A11),IF($B$1=Tabelle2!$A$3,((1+Tabelle1!H$2)^Tabelle1!$A11-1)/(Tabelle1!H$2*(1+Tabelle1!H$2)^Tabelle1!$A11),IF($B$1=Tabelle2!$A$4,(Tabelle1!H$2*(1+Tabelle1!H$2)^Tabelle1!$A11)/((1+Tabelle1!H$2)^Tabelle1!$A11-1))))) -> 6.5152322 | I11: =IF($B$1=Tabelle2!$A$1,(1+Tabelle1!I$2)^Tabelle1!$A11,IF($B$1=Tabelle2!$A$2,(1+Tabelle1!I$2)^(-Tabelle1!$A11),IF($B$1=Tabelle2!$A$3,((1+Tabelle1!I$2)^Tabelle1!$A11-1)/(Tabelle1!I$2*(1+Tabelle1!I$2)^Tabelle1!$A11),IF($B$1=Tabelle2!$A$4,(Tabelle1!I$2*(1+Tabelle1!I$2)^Tabelle1!$A11)/((1+Tabelle1!I$2)^Tabelle1!$A11-1))))) -> 6.2468879 | ... M11: =IF($B$1=Tabelle2!$A$1,(1+Tabelle1!M$2)^Tabelle1!$A11,IF($B$1=Tabelle2!$A$2,(1+Tabelle1!M$2)^(-Tabelle1!$A11),IF($B$1=Tabelle2!$A$3,((1+Tabelle1!M$2)^Tabelle1!$A11-1)/(Tabelle1!M$2*(1+Tabelle1!M$2)^Tabelle1!$A11),IF($B$1=Tabelle2!$A$4,(Tabelle1!M$2*(1+Tabelle1!M$2)^Tabelle1!$A11)/((1+Tabelle1!M$2)^Tabelle1!$A11-1))))) -> 5.3282498
A12: 10 | B12: =IF($B$1=Tabelle2!$A$1,(1+Tabelle1!B$2)^Tabelle1!$A12,IF($B$1=Tabelle2!$A$2,(1+Tabelle1!B$2)^(-Tabelle1!$A12),IF($B$1=Tabelle2!$A$3,((1+Tabelle1!B$2)^Tabelle1!$A12-1)/(Tabelle1!B$2*(1+Tabelle1!B$2)^Tabelle1!$A12),IF($B$1=Tabelle2!$A$4,(Tabelle1!B$2*(1+Tabelle1!B$2)^Tabelle1!$A12)/((1+Tabelle1!B$2)^Tabelle1!$A12-1))))) -> 9.4713045 | C12: =IF($B$1=Tabelle2!$A$1,(1+Tabelle1!C$2)^Tabelle1!$A12,IF($B$1=Tabelle2!$A$2,(1+Tabelle1!C$2)^(-Tabelle1!$A12),IF($B$1=Tabelle2!$A$3,((1+Tabelle1!C$2)^Tabelle1!$A12-1)/(Tabelle1!C$2*(1+Tabelle1!C$2)^Tabelle1!$A12),IF($B$1=Tabelle2!$A$4,(Tabelle1!C$2*(1+Tabelle1!C$2)^Tabelle1!$A12)/((1+Tabelle1!C$2)^Tabelle1!$A12-1))))) -> 8.982585 | D12: =IF($B$1=Tabelle2!$A$1,(1+Tabelle1!D$2)^Tabelle1!$A12,IF($B$1=Tabelle2!$A$2,(1+Tabelle1!D$2)^(-Tabelle1!$A12),IF($B$1=Tabelle2!$A$3,((1+Tabelle1!D$2)^Tabelle1!$A12-1)/(Tabelle1!D$2*(1+Tabelle1!D$2)^Tabelle1!$A12),IF($B$1=Tabelle2!$A$4,(Tabelle1!D$2*(1+Tabelle1!D$2)^Tabelle1!$A12)/((1+Tabelle1!D$2)^Tabelle1!$A12-1))))) -> 8.5302028 | E12: =IF($B$1=Tabelle2!$A$1,(1+Tabelle1!E$2)^Tabelle1!$A12,IF($B$1=Tabelle2!$A$2,(1+Tabelle1!E$2)^(-Tabelle1!$A12),IF($B$1=Tabelle2!$A$3,((1+Tabelle1!E$2)^Tabelle1!$A12-1)/(Tabelle1!E$2*(1+Tabelle1!E$2)^Tabelle1!$A12),IF($B$1=Tabelle2!$A$4,(Tabelle1!E$2*(1+Tabelle1!E$2)^Tabelle1!$A12)/((1+Tabelle1!E$2)^Tabelle1!$A12-1))))) -> 8.1108958 | F12: =IF($B$1=Tabelle2!$A$1,(1+Tabelle1!F$2)^Tabelle1!$A12,IF($B$1=Tabelle2!$A$2,(1+Tabelle1!F$2)^(-Tabelle1!$A12),IF($B$1=Tabelle2!$A$3,((1+Tabelle1!F$2)^Tabelle1!$A12-1)/(Tabelle1!F$2*(1+Tabelle1!F$2)^Tabelle1!$A12),IF($B$1=Tabelle2!$A$4,(Tabelle1!F$2*(1+Tabelle1!F$2)^Tabelle1!$A12)/((1+Tabelle1!F$2)^Tabelle1!$A12-1))))) -> 7.7217349 | G12: =IF($B$1=Tabelle2!$A$1,(1+Tabelle1!G$2)^Tabelle1!$A12,IF($B$1=Tabelle2!$A$2,(1+Tabelle1!G$2)^(-Tabelle1!$A12),IF($B$1=Tabelle2!$A$3,((1+Tabelle1!G$2)^Tabelle1!$A12-1)/(Tabelle1!G$2*(1+Tabelle1!G$2)^Tabelle1!$A12),IF($B$1=Tabelle2!$A$4,(Tabelle1!G$2*(1+Tabelle1!G$2)^Tabelle1!$A12)/((1+Tabelle1!G$2)^Tabelle1!$A12-1))))) -> 7.3600871 | H12: =IF($B$1=Tabelle2!$A$1,(1+Tabelle1!H$2)^Tabelle1!$A12,IF($B$1=Tabelle2!$A$2,(1+Tabelle1!H$2)^(-Tabelle1!$A12),IF($B$1=Tabelle2!$A$3,((1+Tabelle1!H$2)^Tabelle1!$A12-1)/(Tabelle1!H$2*(1+Tabelle1!H$2)^Tabelle1!$A12),IF($B$1=Tabelle2!$A$4,(Tabelle1!H$2*(1+Tabelle1!H$2)^Tabelle1!$A12)/((1+Tabelle1!H$2)^Tabelle1!$A12-1))))) -> 7.0235815 | I12: =IF($B$1=Tabelle2!$A$1,(1+Tabelle1!I$2)^Tabelle1!$A12,IF($B$1=Tabelle2!$A$2,(1+Tabelle1!I$2)^(-Tabelle1!$A12),IF($B$1=Tabelle2!$A$3,((1+Tabelle1!I$2)^Tabelle1!$A12-1)/(Tabelle1!I$2*(1+Tabelle1!I$2)^Tabelle1!$A12),IF($B$1=Tabelle2!$A$4,(Tabelle1!I$2*(1+Tabelle1!I$2)^Tabelle1!$A12)/((1+Tabelle1!I$2)^Tabelle1!$A12-1))))) -> 6.7100814 | ... M12: =IF($B$1=Tabelle2!$A$1,(1+Tabelle1!M$2)^Tabelle1!$A12,IF($B$1=Tabelle2!$A$2,(1+Tabelle1!M$2)^(-Tabelle1!$A12),IF($B$1=Tabelle2!$A$3,((1+Tabelle1!M$2)^Tabelle1!$A12-1)/(Tabelle1!M$2*(1+Tabelle1!M$2)^Tabelle1!$A12),IF($B$1=Tabelle2!$A$4,(Tabelle1!M$2*(1+Tabelle1!M$2)^Tabelle1!$A12)/((1+Tabelle1!M$2)^Tabelle1!$A12-1))))) -> 5.650223
A13: 15 | B13: =IF($B$1=Tabelle2!$A$1,(1+Tabelle1!B$2)^Tabelle1!$A13,IF($B$1=Tabelle2!$A$2,(1+Tabelle1!B$2)^(-Tabelle1!$A13),IF($B$1=Tabelle2!$A$3,((1+Tabelle1!B$2)^Tabelle1!$A13-1)/(Tabelle1!B$2*(1+Tabelle1!B$2)^Tabelle1!$A13),IF($B$1=Tabelle2!$A$4,(Tabelle1!B$2*(1+Tabelle1!B$2)^Tabelle1!$A13)/((1+Tabelle1!B$2)^Tabelle1!$A13-1))))) -> 13.865053 | C13: =IF($B$1=Tabelle2!$A$1,(1+Tabelle1!C$2)^Tabelle1!$A13,IF($B$1=Tabelle2!$A$2,(1+Tabelle1!C$2)^(-Tabelle1!$A13),IF($B$1=Tabelle2!$A$3,((1+Tabelle1!C$2)^Tabelle1!$A13-1)/(Tabelle1!C$2*(1+Tabelle1!C$2)^Tabelle1!$A13),IF($B$1=Tabelle2!$A$4,(Tabelle1!C$2*(1+Tabelle1!C$2)^Tabelle1!$A13)/((1+Tabelle1!C$2)^Tabelle1!$A13-1))))) -> 12.849264 | D13: =IF($B$1=Tabelle2!$A$1,(1+Tabelle1!D$2)^Tabelle1!$A13,IF($B$1=Tabelle2!$A$2,(1+Tabelle1!D$2)^(-Tabelle1!$A13),IF($B$1=Tabelle2!$A$3,((1+Tabelle1!D$2)^Tabelle1!$A13-1)/(Tabelle1!D$2*(1+Tabelle1!D$2)^Tabelle1!$A13),IF($B$1=Tabelle2!$A$4,(Tabelle1!D$2*(1+Tabelle1!D$2)^Tabelle1!$A13)/((1+Tabelle1!D$2)^Tabelle1!$A13-1))))) -> 11.937935 | E13: =IF($B$1=Tabelle2!$A$1,(1+Tabelle1!E$2)^Tabelle1!$A13,IF($B$1=Tabelle2!$A$2,(1+Tabelle1!E$2)^(-Tabelle1!$A13),IF($B$1=Tabelle2!$A$3,((1+Tabelle1!E$2)^Tabelle1!$A13-1)/(Tabelle1!E$2*(1+Tabelle1!E$2)^Tabelle1!$A13),IF($B$1=Tabelle2!$A$4,(Tabelle1!E$2*(1+Tabelle1!E$2)^Tabelle1!$A13)/((1+Tabelle1!E$2)^Tabelle1!$A13-1))))) -> 11.118387 | F13: =IF($B$1=Tabelle2!$A$1,(1+Tabelle1!F$2)^Tabelle1!$A13,IF($B$1=Tabelle2!$A$2,(1+Tabelle1!F$2)^(-Tabelle1!$A13),IF($B$1=Tabelle2!$A$3,((1+Tabelle1!F$2)^Tabelle1!$A13-1)/(Tabelle1!F$2*(1+Tabelle1!F$2)^Tabelle1!$A13),IF($B$1=Tabelle2!$A$4,(Tabelle1!F$2*(1+Tabelle1!F$2)^Tabelle1!$A13)/((1+Tabelle1!F$2)^Tabelle1!$A13-1))))) -> 10.379658 | G13: =IF($B$1=Tabelle2!$A$1,(1+Tabelle1!G$2)^Tabelle1!$A13,IF($B$1=Tabelle2!$A$2,(1+Tabelle1!G$2)^(-Tabelle1!$A13),IF($B$1=Tabelle2!$A$3,((1+Tabelle1!G$2)^Tabelle1!$A13-1)/(Tabelle1!G$2*(1+Tabelle1!G$2)^Tabelle1!$A13),IF($B$1=Tabelle2!$A$4,(Tabelle1!G$2*(1+Tabelle1!G$2)^Tabelle1!$A13)/((1+Tabelle1!G$2)^Tabelle1!$A13-1))))) -> 9.712249 | H13: =IF($B$1=Tabelle2!$A$1,(1+Tabelle1!H$2)^Tabelle1!$A13,IF($B$1=Tabelle2!$A$2,(1+Tabelle1!H$2)^(-Tabelle1!$A13),IF($B$1=Tabelle2!$A$3,((1+Tabelle1!H$2)^Tabelle1!$A13-1)/(Tabelle1!H$2*(1+Tabelle1!H$2)^Tabelle1!$A13),IF($B$1=Tabelle2!$A$4,(Tabelle1!H$2*(1+Tabelle1!H$2)^Tabelle1!$A13)/((1+Tabelle1!H$2)^Tabelle1!$A13-1))))) -> 9.107914 | I13: =IF($B$1=Tabelle2!$A$1,(1+Tabelle1!I$2)^Tabelle1!$A13,IF($B$1=Tabelle2!$A$2,(1+Tabelle1!I$2)^(-Tabelle1!$A13),IF($B$1=Tabelle2!$A$3,((1+Tabelle1!I$2)^Tabelle1!$A13-1)/(Tabelle1!I$2*(1+Tabelle1!I$2)^Tabelle1!$A13),IF($B$1=Tabelle2!$A$4,(Tabelle1!I$2*(1+Tabelle1!I$2)^Tabelle1!$A13)/((1+Tabelle1!I$2)^Tabelle1!$A13-1))))) -> 8.5594787 | ... M13: =IF($B$1=Tabelle2!$A$1,(1+Tabelle1!M$2)^Tabelle1!$A13,IF($B$1=Tabelle2!$A$2,(1+Tabelle1!M$2)^(-Tabelle1!$A13),IF($B$1=Tabelle2!$A$3,((1+Tabelle1!M$2)^Tabelle1!$A13-1)/(Tabelle1!M$2*(1+Tabelle1!M$2)^Tabelle1!$A13),IF($B$1=Tabelle2!$A$4,(Tabelle1!M$2*(1+Tabelle1!M$2)^Tabelle1!$A13)/((1+Tabelle1!M$2)^Tabelle1!$A13-1))))) -> 6.8108645
A14: 20 | B14: =IF($B$1=Tabelle2!$A$1,(1+Tabelle1!B$2)^Tabelle1!$A14,IF($B$1=Tabelle2!$A$2,(1+Tabelle1!B$2)^(-Tabelle1!$A14),IF($B$1=Tabelle2!$A$3,((1+Tabelle1!B$2)^Tabelle1!$A14-1)/(Tabelle1!B$2*(1+Tabelle1!B$2)^Tabelle1!$A14),IF($B$1=Tabelle2!$A$4,(Tabelle1!B$2*(1+Tabelle1!B$2)^Tabelle1!$A14)/((1+Tabelle1!B$2)^Tabelle1!$A14-1))))) -> 18.045553 | C14: =IF($B$1=Tabelle2!$A$1,(1+Tabelle1!C$2)^Tabelle1!$A14,IF($B$1=Tabelle2!$A$2,(1+Tabelle1!C$2)^(-Tabelle1!$A14),IF($B$1=Tabelle2!$A$3,((1+Tabelle1!C$2)^Tabelle1!$A14-1)/(Tabelle1!C$2*(1+Tabelle1!C$2)^Tabelle1!$A14),IF($B$1=Tabelle2!$A$4,(Tabelle1!C$2*(1+Tabelle1!C$2)^Tabelle1!$A14)/((1+Tabelle1!C$2)^Tabelle1!$A14-1))))) -> 16.351433 | D14: =IF($B$1=Tabelle2!$A$1,(1+Tabelle1!D$2)^Tabelle1!$A14,IF($B$1=Tabelle2!$A$2,(1+Tabelle1!D$2)^(-Tabelle1!$A14),IF($B$1=Tabelle2!$A$3,((1+Tabelle1!D$2)^Tabelle1!$A14-1)/(Tabelle1!D$2*(1+Tabelle1!D$2)^Tabelle1!$A14),IF($B$1=Tabelle2!$A$4,(Tabelle1!D$2*(1+Tabelle1!D$2)^Tabelle1!$A14)/((1+Tabelle1!D$2)^Tabelle1!$A14-1))))) -> 14.877475 | E14: =IF($B$1=Tabelle2!$A$1,(1+Tabelle1!E$2)^Tabelle1!$A14,IF($B$1=Tabelle2!$A$2,(1+Tabelle1!E$2)^(-Tabelle1!$A14),IF($B$1=Tabelle2!$A$3,((1+Tabelle1!E$2)^Tabelle1!$A14-1)/(Tabelle1!E$2*(1+Tabelle1!E$2)^Tabelle1!$A14),IF($B$1=Tabelle2!$A$4,(Tabelle1!E$2*(1+Tabelle1!E$2)^Tabelle1!$A14)/((1+Tabelle1!E$2)^Tabelle1!$A14-1))))) -> 13.590326 | F14: =IF($B$1=Tabelle2!$A$1,(1+Tabelle1!F$2)^Tabelle1!$A14,IF($B$1=Tabelle2!$A$2,(1+Tabelle1!F$2)^(-Tabelle1!$A14),IF($B$1=Tabelle2!$A$3,((1+Tabelle1!F$2)^Tabelle1!$A14-1)/(Tabelle1!F$2*(1+Tabelle1!F$2)^Tabelle1!$A14),IF($B$1=Tabelle2!$A$4,(Tabelle1!F$2*(1+Tabelle1!F$2)^Tabelle1!$A14)/((1+Tabelle1!F$2)^Tabelle1!$A14-1))))) -> 12.46221 | G14: =IF($B$1=Tabelle2!$A$1,(1+Tabelle1!G$2)^Tabelle1!$A14,IF($B$1=Tabelle2!$A$2,(1+Tabelle1!G$2)^(-Tabelle1!$A14),IF($B$1=Tabelle2!$A$3,((1+Tabelle1!G$2)^Tabelle1!$A14-1)/(Tabelle1!G$2*(1+Tabelle1!G$2)^Tabelle1!$A14),IF($B$1=Tabelle2!$A$4,(Tabelle1!G$2*(1+Tabelle1!G$2)^Tabelle1!$A14)/((1+Tabelle1!G$2)^Tabelle1!$A14-1))))) -> 11.469921 | H14: =IF($B$1=Tabelle2!$A$1,(1+Tabelle1!H$2)^Tabelle1!$A14,IF($B$1=Tabelle2!$A$2,(1+Tabelle1!H$2)^(-Tabelle1!$A14),IF($B$1=Tabelle2!$A$3,((1+Tabelle1!H$2)^Tabelle1!$A14-1)/(Tabelle1!H$2*(1+Tabelle1!H$2)^Tabelle1!$A14),IF($B$1=Tabelle2!$A$4,(Tabelle1!H$2*(1+Tabelle1!H$2)^Tabelle1!$A14)/((1+Tabelle1!H$2)^Tabelle1!$A14-1))))) -> 10.594014 | I14: =IF($B$1=Tabelle2!$A$1,(1+Tabelle1!I$2)^Tabelle1!$A14,IF($B$1=Tabelle2!$A$2,(1+Tabelle1!I$2)^(-Tabelle1!$A14),IF($B$1=Tabelle2!$A$3,((1+Tabelle1!I$2)^Tabelle1!$A14-1)/(Tabelle1!I$2*(1+Tabelle1!I$2)^Tabelle1!$A14),IF($B$1=Tabelle2!$A$4,(Tabelle1!I$2*(1+Tabelle1!I$2)^Tabelle1!$A14)/((1+Tabelle1!I$2)^Tabelle1!$A14-1))))) -> 9.8181474 | ... M14: =IF($B$1=Tabelle2!$A$1,(1+Tabelle1!M$2)^Tabelle1!$A14,IF($B$1=Tabelle2!$A$2,(1+Tabelle1!M$2)^(-Tabelle1!$A14),IF($B$1=Tabelle2!$A$3,((1+Tabelle1!M$2)^Tabelle1!$A14-1)/(Tabelle1!M$2*(1+Tabelle1!M$2)^Tabelle1!$A14),IF($B$1=Tabelle2!$A$4,(Tabelle1!M$2*(1+Tabelle1!M$2)^Tabelle1!$A14)/((1+Tabelle1!M$2)^Tabelle1!$A14-1))))) -> 7.4694436
A15: 25 | B15: =IF($B$1=Tabelle2!$A$1,(1+Tabelle1!B$2)^Tabelle1!$A15,IF($B$1=Tabelle2!$A$2,(1+Tabelle1!B$2)^(-Tabelle1!$A15),IF($B$1=Tabelle2!$A$3,((1+Tabelle1!B$2)^Tabelle1!$A15-1)/(Tabelle1!B$2*(1+Tabelle1!B$2)^Tabelle1!$A15),IF($B$1=Tabelle2!$A$4,(Tabelle1!B$2*(1+Tabelle1!B$2)^Tabelle1!$A15)/((1+Tabelle1!B$2)^Tabelle1!$A15-1))))) -> 22.023156 | C15: =IF($B$1=Tabelle2!$A$1,(1+Tabelle1!C$2)^Tabelle1!$A15,IF($B$1=Tabelle2!$A$2,(1+Tabelle1!C$2)^(-Tabelle1!$A15),IF($B$1=Tabelle2!$A$3,((1+Tabelle1!C$2)^Tabelle1!$A15-1)/(Tabelle1!C$2*(1+Tabelle1!C$2)^Tabelle1!$A15),IF($B$1=Tabelle2!$A$4,(Tabelle1!C$2*(1+Tabelle1!C$2)^Tabelle1!$A15)/((1+Tabelle1!C$2)^Tabelle1!$A15-1))))) -> 19.523456 | D15: =IF($B$1=Tabelle2!$A$1,(1+Tabelle1!D$2)^Tabelle1!$A15,IF($B$1=Tabelle2!$A$2,(1+Tabelle1!D$2)^(-Tabelle1!$A15),IF($B$1=Tabelle2!$A$3,((1+Tabelle1!D$2)^Tabelle1!$A15-1)/(Tabelle1!D$2*(1+Tabelle1!D$2)^Tabelle1!$A15),IF($B$1=Tabelle2!$A$4,(Tabelle1!D$2*(1+Tabelle1!D$2)^Tabelle1!$A15)/((1+Tabelle1!D$2)^Tabelle1!$A15-1))))) -> 17.413148 | E15: =IF($B$1=Tabelle2!$A$1,(1+Tabelle1!E$2)^Tabelle1!$A15,IF($B$1=Tabelle2!$A$2,(1+Tabelle1!E$2)^(-Tabelle1!$A15),IF($B$1=Tabelle2!$A$3,((1+Tabelle1!E$2)^Tabelle1!$A15-1)/(Tabelle1!E$2*(1+Tabelle1!E$2)^Tabelle1!$A15),IF($B$1=Tabelle2!$A$4,(Tabelle1!E$2*(1+Tabelle1!E$2)^Tabelle1!$A15)/((1+Tabelle1!E$2)^Tabelle1!$A15-1))))) -> 15.62208 | F15: =IF($B$1=Tabelle2!$A$1,(1+Tabelle1!F$2)^Tabelle1!$A15,IF($B$1=Tabelle2!$A$2,(1+Tabelle1!F$2)^(-Tabelle1!$A15),IF($B$1=Tabelle2!$A$3,((1+Tabelle1!F$2)^Tabelle1!$A15-1)/(Tabelle1!F$2*(1+Tabelle1!F$2)^Tabelle1!$A15),IF($B$1=Tabelle2!$A$4,(Tabelle1!F$2*(1+Tabelle1!F$2)^Tabelle1!$A15)/((1+Tabelle1!F$2)^Tabelle1!$A15-1))))) -> 14.093945 | G15: =IF($B$1=Tabelle2!$A$1,(1+Tabelle1!G$2)^Tabelle1!$A15,IF($B$1=Tabelle2!$A$2,(1+Tabelle1!G$2)^(-Tabelle1!$A15),IF($B$1=Tabelle2!$A$3,((1+Tabelle1!G$2)^Tabelle1!$A15-1)/(Tabelle1!G$2*(1+Tabelle1!G$2)^Tabelle1!$A15),IF($B$1=Tabelle2!$A$4,(Tabelle1!G$2*(1+Tabelle1!G$2)^Tabelle1!$A15)/((1+Tabelle1!G$2)^Tabelle1!$A15-1))))) -> 12.783356 | H15: =IF($B$1=Tabelle2!$A$1,(1+Tabelle1!H$2)^Tabelle1!$A15,IF($B$1=Tabelle2!$A$2,(1+Tabelle1!H$2)^(-Tabelle1!$A15),IF($B$1=Tabelle2!$A$3,((1+Tabelle1!H$2)^Tabelle1!$A15-1)/(Tabelle1!H$2*(1+Tabelle1!H$2)^Tabelle1!$A15),IF($B$1=Tabelle2!$A$4,(Tabelle1!H$2*(1+Tabelle1!H$2)^Tabelle1!$A15)/((1+Tabelle1!H$2)^Tabelle1!$A15-1))))) -> 11.653583 | I15: =IF($B$1=Tabelle2!$A$1,(1+Tabelle1!I$2)^Tabelle1!$A15,IF($B$1=Tabelle2!$A$2,(1+Tabelle1!I$2)^(-Tabelle1!$A15),IF($B$1=Tabelle2!$A$3,((1+Tabelle1!I$2)^Tabelle1!$A15-1)/(Tabelle1!I$2*(1+Tabelle1!I$2)^Tabelle1!$A15),IF($B$1=Tabelle2!$A$4,(Tabelle1!I$2*(1+Tabelle1!I$2)^Tabelle1!$A15)/((1+Tabelle1!I$2)^Tabelle1!$A15-1))))) -> 10.674776 | ... M15: =IF($B$1=Tabelle2!$A$1,(1+Tabelle1!M$2)^Tabelle1!$A15,IF($B$1=Tabelle2!$A$2,(1+Tabelle1!M$2)^(-Tabelle1!$A15),IF($B$1=Tabelle2!$A$3,((1+Tabelle1!M$2)^Tabelle1!$A15-1)/(Tabelle1!M$2*(1+Tabelle1!M$2)^Tabelle1!$A15),IF($B$1=Tabelle2!$A$4,(Tabelle1!M$2*(1+Tabelle1!M$2)^Tabelle1!$A15)/((1+Tabelle1!M$2)^Tabelle1!$A15-1))))) -> 7.8431391
A17: =VLOOKUP($B$1,Tabelle2!$A$1:$B$4,2,FALSE) -> Welchen Gegenwarts- oder Barwert hat eine n Jahre lang (nachschüssig) gezahlte gleichbleibende jährliche Rente von 1 GE?

Sheet Tabelle2
A1: Aufzinsungsfaktor | B1: Welchen Endwert hat eine gegenwärtige Zahlung von 1 GE zum zukünftigen Zeitpunkt nach n Jahren?
A2: Abzinsungfaktor | B2: Welchen Gegenwarts- oder Barwert hat eine künftig (nach n Jahren) erwartete Zahlung von 1 GE?
A3: Rentenbarwertfaktor | B3: Welchen Gegenwarts- oder Barwert hat eine n Jahre lang (nachschüssig) gezahlte gleichbleibende jährliche Rente von 1 GE?
A4: Annuitätenfaktor | B4: Wie hoch ist die jährliche Rente, die n Jahre lang (nachschüssig) aus einem Gegenwarts- oder Barwert von 1 GE gezahlt werden kann?
